lga_name19,quarter,cases,min_cases,max_cases,mean_cases,median_cases
Burwood (A),2020Q1,6,1.0,2.0,1.5,1.5
Burwood (A),2020Q2,2,1.0,1.0,1.0,1.0
Burwood (A),2020Q3,5,1.0,4.0,2.5,2.5
Burwood (A),2020Q4,6,1.0,4.0,2.0,1.0
Burwood (A),2021Q1,0,,,,
Burwood (A),2021Q2,1,1.0,1.0,1.0,1.0
Burwood (A),2021Q3,158,1.0,35.0,11.285714285714286,6.0
Burwood (A),2021Q4,572,1.0,380.0,47.666666666666664,4.0
Burwood (A),2022Q1,3138,36.0,1202.0,448.2857142857143,393.0
Parramatta (C),2020Q1,36,1.0,11.0,6.0,7.0
Parramatta (C),2020Q2,15,1.0,7.0,2.142857142857143,1.0
Parramatta (C),2020Q3,31,1.0,10.0,3.4444444444444446,2.0
Parramatta (C),2020Q4,19,1.0,4.0,2.375,2.5
Parramatta (C),2021Q1,9,1.0,2.0,1.2857142857142858,1.0
Parramatta (C),2021Q2,17,1.0,6.0,2.8333333333333335,3.0
Parramatta (C),2021Q3,1791,3.0,308.0,127.92857142857143,91.0
Parramatta (C),2021Q4,3499,19.0,2100.0,249.92857142857142,36.5
Parramatta (C),2022Q1,18927,260.0,6129.0,2703.8571428571427,2668.0
Ku-ring-gai (A),2020Q1,49,1.0,25.0,8.166666666666666,4.0
Ku-ring-gai (A),2020Q2,24,1.0,10.0,4.8,2.0
Ku-ring-gai (A),2020Q3,14,1.0,6.0,2.8,1.0
Ku-ring-gai (A),2020Q4,6,1.0,2.0,1.5,1.5
Ku-ring-gai (A),2021Q1,4,1.0,2.0,1.3333333333333333,1.0
Ku-ring-gai (A),2021Q2,10,1.0,3.0,2.0,2.0
Ku-ring-gai (A),2021Q3,110,1.0,34.0,11.0,8.5
Ku-ring-gai (A),2021Q4,1935,1.0,1210.0,138.21428571428572,6.0
Ku-ring-gai (A),2022Q1,8771,167.0,2721.0,1253.0,1271.0
Randwick (C),2020Q1,47,1.0,29.0,9.4,4.0
Randwick (C),2020Q2,40,1.0,18.0,6.666666666666667,2.5
Randwick (C),2020Q3,13,1.0,4.0,2.1666666666666665,2.0
Randwick (C),2020Q4,16,1.0,6.0,2.0,1.5
Randwick (C),2021Q1,3,1.0,1.0,1.0,1.0
Randwick (C),2021Q2,27,1.0,14.0,6.75,6.0
Randwick (C),2021Q3,1090,1.0,310.0,77.85714285714286,31.5
Randwick (C),2021Q4,4876,15.0,2769.0,348.2857142857143,52.5
Randwick (C),2022Q1,16695,254.0,6667.0,2385.0,1946.0
Hornsby (A),2020Q1,44,2.0,23.0,8.8,5.0
Hornsby (A),2020Q2,15,1.0,5.0,2.5,2.0
Hornsby (A),2020Q3,10,1.0,3.0,2.0,2.0
Hornsby (A),2020Q4,8,1.0,2.0,1.3333333333333333,1.0
Hornsby (A),2021Q1,5,1.0,2.0,1.25,1.0
Hornsby (A),2021Q2,0,,,,
Hornsby (A),2021Q3,228,1.0,51.0,20.727272727272727,23.0
Hornsby (A),2021Q4,1339,3.0,946.0,103.0,5.0
Hornsby (A),2022Q1,7879,192.0,1996.0,1125.5714285714287,1245.0
Fairfield (C),2020Q1,12,1.0,7.0,3.0,2.0
Fairfield (C),2020Q2,27,1.0,9.0,3.375,2.5
Fairfield (C),2020Q3,96,1.0,22.0,8.727272727272727,6.0
Fairfield (C),2020Q4,7,1.0,3.0,1.75,1.5
Fairfield (C),2021Q1,3,1.0,2.0,1.5,1.5
Fairfield (C),2021Q2,6,1.0,2.0,1.5,1.5
Fairfield (C),2021Q3,4162,10.0,576.0,297.2857142857143,284.5
Fairfield (C),2021Q4,5206,42.0,2834.0,371.85714285714283,109.0
Fairfield (C),2022Q1,26183,238.0,9120.0,3740.4285714285716,2424.0
Bayside (A),2020Q1,40,1.0,16.0,8.0,4.0
Bayside (A),2020Q2,27,3.0,15.0,9.0,9.0
Bayside (A),2020Q3,10,1.0,3.0,1.4285714285714286,1.0
Bayside (A),2020Q4,6,1.0,1.0,1.0,1.0
Bayside (A),2021Q1,7,1.0,3.0,1.4,1.0
Bayside (A),2021Q2,14,1.0,7.0,3.5,3.0
Bayside (A),2021Q3,1262,2.0,216.0,90.14285714285714,77.5
Bayside (A),2021Q4,4872,13.0,3062.0,348.0,44.5
Bayside (A),2022Q1,19380,227.0,7385.0,2768.5714285714284,2201.0
Canterbury-Bankstown (A),2020Q1,72,2.0,43.0,18.0,13.5
Canterbury-Bankstown (A),2020Q2,32,1.0,8.0,3.5555555555555554,3.0
Canterbury-Bankstown (A),2020Q3,57,1.0,11.0,4.75,3.0
Canterbury-Bankstown (A),2020Q4,28,1.0,6.0,2.5454545454545454,2.0
Canterbury-Bankstown (A),2021Q1,41,1.0,9.0,4.555555555555555,4.0
Canterbury-Bankstown (A),2021Q2,38,1.0,13.0,3.4545454545454546,2.0
Canterbury-Bankstown (A),2021Q3,10075,8.0,1810.0,719.6428571428571,481.0
Canterbury-Bankstown (A),2021Q4,11686,120.0,5954.0,834.7142857142857,256.0
Canterbury-Bankstown (A),2022Q1,46625,668.0,15348.0,6660.714285714285,5517.0
Ryde (C),2020Q1,57,4.0,30.0,11.4,8.0
Ryde (C),2020Q2,13,2.0,7.0,4.333333333333333,4.0
Ryde (C),2020Q3,4,1.0,2.0,1.3333333333333333,1.0
Ryde (C),2020Q4,5,1.0,2.0,1.25,1.0
Ryde (C),2021Q1,5,1.0,1.0,1.0,1.0
Ryde (C),2021Q2,9,1.0,2.0,1.125,1.0
Ryde (C),2021Q3,359,1.0,54.0,29.916666666666668,27.0
Ryde (C),2021Q4,2008,4.0,1197.0,143.42857142857142,12.0
Ryde (C),2022Q1,10246,148.0,3230.0,1463.7142857142858,1411.0
The Hills Shire (A),2020Q1,47,1.0,24.0,9.4,8.0
The Hills Shire (A),2020Q2,17,1.0,9.0,2.4285714285714284,1.0
The Hills Shire (A),2020Q3,32,1.0,15.0,4.0,2.0
The Hills Shire (A),2020Q4,12,1.0,3.0,1.3333333333333333,1.0
The Hills Shire (A),2021Q1,7,1.0,4.0,1.75,1.0
The Hills Shire (A),2021Q2,16,1.0,3.0,1.7777777777777777,2.0
The Hills Shire (A),2021Q3,513,1.0,90.0,36.642857142857146,28.5
The Hills Shire (A),2021Q4,3560,7.0,2540.0,254.28571428571428,18.5
The Hills Shire (A),2022Q1,18423,317.0,5717.0,2631.8571428571427,2609.0
Sutherland Shire (A),2020Q1,84,3.0,43.0,16.8,9.0
Sutherland Shire (A),2020Q2,34,2.0,16.0,6.8,3.0
Sutherland Shire (A),2020Q3,17,1.0,4.0,1.5454545454545454,1.0
Sutherland Shire (A),2020Q4,14,1.0,3.0,1.5555555555555556,1.0
Sutherland Shire (A),2021Q1,1,1.0,1.0,1.0,1.0
Sutherland Shire (A),2021Q2,4,1.0,3.0,2.0,2.0
Sutherland Shire (A),2021Q3,572,3.0,124.0,44.0,20.0
Sutherland Shire (A),2021Q4,5643,7.0,4014.0,403.07142857142856,21.5
Sutherland Shire (A),2022Q1,23562,401.0,7468.0,3366.0,3514.0
Northern Beaches (A),2020Q1,121,2.0,66.0,24.2,23.0
Northern Beaches (A),2020Q2,37,1.0,19.0,7.4,4.0
Northern Beaches (A),2020Q3,9,1.0,2.0,1.2857142857142858,1.0
Northern Beaches (A),2020Q4,116,1.0,61.0,16.571428571428573,3.0
Northern Beaches (A),2021Q1,8,1.0,4.0,2.0,1.5
Northern Beaches (A),2021Q2,1,1.0,1.0,1.0,1.0
Northern Beaches (A),2021Q3,408,4.0,107.0,34.0,17.0
Northern Beaches (A),2021Q4,3954,17.0,2465.0,304.15384615384613,38.0
Northern Beaches (A),2022Q1,27421,505.0,7691.0,3917.285714285714,4392.0
Sydney (C),2020Q1,111,1.0,55.0,22.2,15.0
Sydney (C),2020Q2,52,1.0,31.0,7.428571428571429,2.0
Sydney (C),2020Q3,29,1.0,8.0,3.2222222222222223,3.0
Sydney (C),2020Q4,22,1.0,5.0,2.75,2.0
Sydney (C),2021Q1,4,1.0,1.0,1.0,1.0
Sydney (C),2021Q2,24,1.0,13.0,3.0,1.0
Sydney (C),2021Q3,1742,5.0,436.0,124.42857142857143,35.0
Sydney (C),2021Q4,8975,30.0,4526.0,641.0714285714286,54.5
Sydney (C),2022Q1,23138,207.0,10223.0,3305.4285714285716,2411.0
Goulburn Mulwaree (A),2020Q1,8,1.0,6.0,2.6666666666666665,1.0
Goulburn Mulwaree (A),2020Q2,2,2.0,2.0,2.0,2.0
Goulburn Mulwaree (A),2020Q3,0,,,,
Goulburn Mulwaree (A),2020Q4,3,1.0,1.0,1.0,1.0
Goulburn Mulwaree (A),2021Q1,0,,,,
Goulburn Mulwaree (A),2021Q2,0,,,,
Goulburn Mulwaree (A),2021Q3,52,1.0,20.0,8.666666666666666,5.0
Goulburn Mulwaree (A),2021Q4,181,1.0,117.0,25.857142857142858,9.0
Goulburn Mulwaree (A),2022Q1,1784,24.0,458.0,254.85714285714286,300.0
Cumberland (A),2020Q1,46,1.0,21.0,9.2,11.0
Cumberland (A),2020Q2,43,1.0,15.0,4.3,3.0
Cumberland (A),2020Q3,69,1.0,13.0,5.75,4.0
Cumberland (A),2020Q4,37,1.0,9.0,2.8461538461538463,2.0
Cumberland (A),2021Q1,31,1.0,10.0,3.1,1.0
Cumberland (A),2021Q2,40,2.0,6.0,3.3333333333333335,3.0
Cumberland (A),2021Q3,8207,4.0,1678.0,586.2142857142857,364.5
Cumberland (A),2021Q4,6762,30.0,3332.0,483.0,137.0
Cumberland (A),2022Q1,33580,458.0,11494.0,4797.142857142857,4056.0
,2020Q1,0,,,,
,2020Q2,0,,,,
,2020Q3,0,,,,
,2020Q4,0,,,,
,2021Q1,0,,,,
,2021Q2,0,,,,
,2021Q3,0,,,,
,2021Q4,0,,,,
,2022Q1,0,,,,
Woollahra (A),2020Q1,84,7.0,35.0,21.0,21.0
Woollahra (A),2020Q2,10,1.0,5.0,2.5,2.0
Woollahra (A),2020Q3,8,1.0,3.0,2.0,2.0
Woollahra (A),2020Q4,9,1.0,6.0,2.25,1.0
Woollahra (A),2021Q1,10,1.0,4.0,2.5,2.5
Woollahra (A),2021Q2,17,1.0,9.0,4.25,3.5
Woollahra (A),2021Q3,133,2.0,33.0,11.083333333333334,8.0
Woollahra (A),2021Q4,1735,4.0,879.0,123.92857142857143,13.5
Woollahra (A),2022Q1,4921,88.0,1947.0,703.0,643.0
Liverpool (C),2020Q1,32,2.0,21.0,8.0,4.5
Liverpool (C),2020Q2,20,1.0,13.0,4.0,1.0
Liverpool (C),2020Q3,61,1.0,19.0,5.083333333333333,2.5
Liverpool (C),2020Q4,23,1.0,5.0,2.5555555555555554,2.0
Liverpool (C),2021Q1,5,1.0,2.0,1.25,1.0
Liverpool (C),2021Q2,33,1.0,15.0,3.6666666666666665,1.0
Liverpool (C),2021Q3,4823,1.0,904.0,344.5,219.0
Liverpool (C),2021Q4,5979,55.0,3231.0,427.07142857142856,150.5
Liverpool (C),2022Q1,30829,408.0,9788.0,4404.142857142857,3485.0
Blue Mountains (C),2020Q1,20,2.0,11.0,5.0,3.5
Blue Mountains (C),2020Q2,7,1.0,3.0,1.75,1.5
Blue Mountains (C),2020Q3,11,1.0,4.0,2.75,3.0
Blue Mountains (C),2020Q4,0,,,,
Blue Mountains (C),2021Q1,1,1.0,1.0,1.0,1.0
Blue Mountains (C),2021Q2,0,,,,
Blue Mountains (C),2021Q3,149,2.0,29.0,14.9,14.0
Blue Mountains (C),2021Q4,632,2.0,379.0,45.142857142857146,6.0
Blue Mountains (C),2022Q1,4986,54.0,1249.0,712.2857142857143,868.0
Willoughby (C),2020Q1,20,2.0,10.0,5.0,4.0
Willoughby (C),2020Q2,3,1.0,2.0,1.5,1.5
Willoughby (C),2020Q3,4,1.0,1.0,1.0,1.0
Willoughby (C),2020Q4,1,1.0,1.0,1.0,1.0
Willoughby (C),2021Q1,2,1.0,1.0,1.0,1.0
Willoughby (C),2021Q2,4,1.0,1.0,1.0,1.0
Willoughby (C),2021Q3,58,1.0,9.0,4.833333333333333,5.0
Willoughby (C),2021Q4,919,1.0,537.0,70.6923076923077,2.0
Willoughby (C),2022Q1,4218,67.0,1333.0,602.5714285714286,591.0
Lane Cove (A),2020Q1,29,2.0,14.0,7.25,6.5
Lane Cove (A),2020Q2,12,1.0,8.0,4.0,3.0
Lane Cove (A),2020Q3,2,1.0,1.0,1.0,1.0
Lane Cove (A),2020Q4,2,1.0,1.0,1.0,1.0
Lane Cove (A),2021Q1,2,1.0,1.0,1.0,1.0
Lane Cove (A),2021Q2,1,1.0,1.0,1.0,1.0
Lane Cove (A),2021Q3,84,1.0,20.0,7.636363636363637,6.0
Lane Cove (A),2021Q4,1122,1.0,642.0,80.14285714285714,6.5
Lane Cove (A),2022Q1,4669,82.0,1496.0,667.0,692.0
Blacktown (C),2020Q1,73,5.0,37.0,18.25,15.5
Blacktown (C),2020Q2,65,1.0,21.0,5.416666666666667,3.0
Blacktown (C),2020Q3,45,1.0,9.0,3.2142857142857144,2.5
Blacktown (C),2020Q4,21,1.0,9.0,3.0,2.0
Blacktown (C),2021Q1,19,1.0,4.0,2.375,2.0
Blacktown (C),2021Q2,18,1.0,3.0,2.25,2.0
Blacktown (C),2021Q3,6077,1.0,977.0,434.07142857142856,364.0
Blacktown (C),2021Q4,7880,25.0,4668.0,562.8571428571429,118.0
Blacktown (C),2022Q1,47601,687.0,14901.0,6800.142857142857,6173.0
Inner West (A),2020Q1,51,2.0,31.0,12.75,9.0
Inner West (A),2020Q2,24,1.0,17.0,4.8,2.0
Inner West (A),2020Q3,12,1.0,6.0,3.0,2.5
Inner West (A),2020Q4,9,1.0,3.0,2.25,2.5
Inner West (A),2021Q1,5,1.0,2.0,1.25,1.0
Inner West (A),2021Q2,0,,,,
Inner West (A),2021Q3,711,1.0,130.0,50.785714285714285,34.5
Inner West (A),2021Q4,4265,16.0,2207.0,304.64285714285717,33.5
Inner West (A),2022Q1,14043,185.0,4956.0,2006.142857142857,2011.0
Canada Bay (A),2020Q1,16,3.0,10.0,5.333333333333333,3.0
Canada Bay (A),2020Q2,15,1.0,4.0,2.5,2.5
Canada Bay (A),2020Q3,9,1.0,3.0,1.8,2.0
Canada Bay (A),2020Q4,2,1.0,1.0,1.0,1.0
Canada Bay (A),2021Q1,1,1.0,1.0,1.0,1.0
Canada Bay (A),2021Q2,6,1.0,2.0,1.5,1.5
Canada Bay (A),2021Q3,303,1.0,61.0,25.25,22.0
Canada Bay (A),2021Q4,2032,2.0,1359.0,145.14285714285714,10.5
Canada Bay (A),2022Q1,7649,126.0,2806.0,1092.7142857142858,973.0
Penrith (C),2020Q1,50,2.0,32.0,12.5,8.0
Penrith (C),2020Q2,79,1.0,39.0,8.777777777777779,4.0
Penrith (C),2020Q3,10,1.0,3.0,1.6666666666666667,1.5
Penrith (C),2020Q4,4,2.0,2.0,2.0,2.0
Penrith (C),2021Q1,1,1.0,1.0,1.0,1.0
Penrith (C),2021Q2,4,1.0,2.0,1.3333333333333333,1.0
Penrith (C),2021Q3,2788,3.0,463.0,214.46153846153845,240.0
Penrith (C),2021Q4,4112,23.0,2512.0,293.7142857142857,63.5
Penrith (C),2022Q1,25012,488.0,7336.0,3573.1428571428573,3560.0
Central Coast (C) (NSW),2020Q1,98,1.0,66.0,24.5,15.5
Central Coast (C) (NSW),2020Q2,24,1.0,11.0,3.4285714285714284,2.0
Central Coast (C) (NSW),2020Q3,5,1.0,1.0,1.0,1.0
Central Coast (C) (NSW),2020Q4,6,1.0,3.0,2.0,2.0
Central Coast (C) (NSW),2021Q1,4,1.0,1.0,1.0,1.0
Central Coast (C) (NSW),2021Q2,0,,,,
Central Coast (C) (NSW),2021Q3,752,1.0,211.0,57.84615384615385,12.0
Central Coast (C) (NSW),2021Q4,4456,11.0,2311.0,318.2857142857143,71.0
Central Coast (C) (NSW),2022Q1,30389,479.0,7322.0,4341.285714285715,5000.0
Orange (C),2020Q1,7,2.0,3.0,2.3333333333333335,2.0
Orange (C),2020Q2,5,1.0,1.0,1.0,1.0
Orange (C),2020Q3,1,1.0,1.0,1.0,1.0
Orange (C),2020Q4,1,1.0,1.0,1.0,1.0
Orange (C),2021Q1,0,,,,
Orange (C),2021Q2,0,,,,
Orange (C),2021Q3,43,1.0,16.0,6.142857142857143,6.0
Orange (C),2021Q4,461,1.0,205.0,35.46153846153846,9.0
Orange (C),2022Q1,3732,35.0,870.0,533.1428571428571,691.0
Hunters Hill (A),2020Q1,12,1.0,6.0,3.0,2.5
Hunters Hill (A),2020Q2,10,1.0,5.0,3.3333333333333335,4.0
Hunters Hill (A),2020Q3,5,1.0,2.0,1.25,1.0
Hunters Hill (A),2020Q4,3,1.0,1.0,1.0,1.0
Hunters Hill (A),2021Q1,0,,,,
Hunters Hill (A),2021Q2,0,,,,
Hunters Hill (A),2021Q3,69,1.0,18.0,7.666666666666667,4.0
Hunters Hill (A),2021Q4,552,2.0,328.0,50.18181818181818,7.0
Hunters Hill (A),2022Q1,2093,39.0,756.0,299.0,295.0
Hawkesbury (C),2020Q1,21,1.0,15.0,5.25,2.5
Hawkesbury (C),2020Q2,4,1.0,2.0,1.3333333333333333,1.0
Hawkesbury (C),2020Q3,0,,,,
Hawkesbury (C),2020Q4,2,1.0,1.0,1.0,1.0
Hawkesbury (C),2021Q1,0,,,,
Hawkesbury (C),2021Q2,0,,,,
Hawkesbury (C),2021Q3,407,3.0,97.0,40.7,35.0
Hawkesbury (C),2021Q4,572,1.0,410.0,44.0,7.0
Hawkesbury (C),2022Q1,5707,82.0,1373.0,815.2857142857143,953.0
Waverley (A),2020Q1,143,6.0,71.0,35.75,33.0
Waverley (A),2020Q2,37,1.0,20.0,9.25,8.0
Waverley (A),2020Q3,23,1.0,6.0,4.6,5.0
Waverley (A),2020Q4,20,1.0,6.0,2.0,1.5
Waverley (A),2021Q1,1,1.0,1.0,1.0,1.0
Waverley (A),2021Q2,47,1.0,24.0,11.75,11.0
Waverley (A),2021Q3,240,1.0,34.0,17.142857142857142,16.0
Waverley (A),2021Q4,2995,9.0,1492.0,213.92857142857142,26.5
Waverley (A),2022Q1,8776,93.0,3746.0,1253.7142857142858,1070.0
Camden (A),2020Q1,28,1.0,16.0,7.0,5.5
Camden (A),2020Q2,17,1.0,4.0,2.125,1.5
Camden (A),2020Q3,1,1.0,1.0,1.0,1.0
Camden (A),2020Q4,26,2.0,12.0,5.2,5.0
Camden (A),2021Q1,2,1.0,1.0,1.0,1.0
Camden (A),2021Q2,7,1.0,6.0,3.5,3.5
Camden (A),2021Q3,862,1.0,187.0,66.3076923076923,55.0
Camden (A),2021Q4,2279,4.0,1519.0,162.78571428571428,33.0
Camden (A),2022Q1,13321,226.0,3669.0,1903.0,1923.0
Campbelltown (C) (NSW),2020Q1,27,1.0,18.0,6.75,4.0
Campbelltown (C) (NSW),2020Q2,9,1.0,3.0,2.25,2.5
Campbelltown (C) (NSW),2020Q3,42,1.0,10.0,3.8181818181818183,3.0
Campbelltown (C) (NSW),2020Q4,12,1.0,4.0,1.7142857142857142,1.0
Campbelltown (C) (NSW),2021Q1,9,1.0,4.0,1.8,1.0
Campbelltown (C) (NSW),2021Q2,10,1.0,3.0,1.6666666666666667,1.5
Campbelltown (C) (NSW),2021Q3,2116,2.0,323.0,151.14285714285714,126.0
Campbelltown (C) (NSW),2021Q4,3935,20.0,2389.0,281.07142857142856,78.5
Campbelltown (C) (NSW),2022Q1,22022,304.0,6188.0,3146.0,2895.0
Georges River (A),2020Q1,34,1.0,22.0,8.5,5.5
Georges River (A),2020Q2,25,1.0,12.0,6.25,6.0
Georges River (A),2020Q3,8,1.0,3.0,1.6,1.0
Georges River (A),2020Q4,6,1.0,2.0,1.2,1.0
Georges River (A),2021Q1,4,1.0,2.0,1.3333333333333333,1.0
Georges River (A),2021Q2,5,1.0,2.0,1.6666666666666667,2.0
Georges River (A),2021Q3,1098,11.0,211.0,78.42857142857143,55.0
Georges River (A),2021Q4,3859,6.0,2398.0,275.64285714285717,31.0
Georges River (A),2022Q1,16431,190.0,5639.0,2347.285714285714,2016.0
North Sydney (A),2020Q1,37,1.0,25.0,9.25,5.5
North Sydney (A),2020Q2,11,1.0,7.0,2.75,1.5
North Sydney (A),2020Q3,3,1.0,1.0,1.0,1.0
North Sydney (A),2020Q4,10,1.0,6.0,2.0,1.0
North Sydney (A),2021Q1,3,3.0,3.0,3.0,3.0
North Sydney (A),2021Q2,4,1.0,2.0,1.3333333333333333,1.0
North Sydney (A),2021Q3,59,1.0,15.0,6.555555555555555,7.0
North Sydney (A),2021Q4,1010,1.0,535.0,77.6923076923077,7.0
North Sydney (A),2022Q1,3802,47.0,1310.0,543.1428571428571,505.0
Wingecarribee (A),2020Q1,18,1.0,8.0,4.5,4.5
Wingecarribee (A),2020Q2,8,1.0,5.0,2.6666666666666665,2.0
Wingecarribee (A),2020Q3,1,1.0,1.0,1.0,1.0
Wingecarribee (A),2020Q4,5,5.0,5.0,5.0,5.0
Wingecarribee (A),2021Q1,1,1.0,1.0,1.0,1.0
Wingecarribee (A),2021Q2,1,1.0,1.0,1.0,1.0
Wingecarribee (A),2021Q3,53,1.0,13.0,5.888888888888889,4.0
Wingecarribee (A),2021Q4,394,1.0,281.0,35.81818181818182,6.0
Wingecarribee (A),2022Q1,3715,65.0,1379.0,530.7142857142857,472.0
Cessnock (C),2020Q1,25,1.0,14.0,6.25,5.0
Cessnock (C),2020Q2,5,5.0,5.0,5.0,5.0
Cessnock (C),2020Q3,0,,,,
Cessnock (C),2020Q4,0,,,,
Cessnock (C),2021Q1,0,,,,
Cessnock (C),2021Q2,1,1.0,1.0,1.0,1.0
Cessnock (C),2021Q3,85,1.0,44.0,9.444444444444445,3.0
Cessnock (C),2021Q4,1167,1.0,402.0,83.35714285714286,45.0
Cessnock (C),2022Q1,5309,91.0,1420.0,758.4285714285714,903.0
Coffs Harbour (C),2020Q1,9,1.0,5.0,2.25,1.5
Coffs Harbour (C),2020Q2,10,2.0,4.0,2.5,2.0
Coffs Harbour (C),2020Q3,0,,,,
Coffs Harbour (C),2020Q4,0,,,,
Coffs Harbour (C),2021Q1,0,,,,
Coffs Harbour (C),2021Q2,1,1.0,1.0,1.0,1.0
Coffs Harbour (C),2021Q3,9,1.0,4.0,1.8,1.0
Coffs Harbour (C),2021Q4,549,1.0,264.0,54.9,6.5
Coffs Harbour (C),2022Q1,5598,139.0,1572.0,799.7142857142857,886.0
Byron (A),2020Q1,11,1.0,6.0,2.75,2.0
Byron (A),2020Q2,5,2.0,3.0,2.5,2.5
Byron (A),2020Q3,2,2.0,2.0,2.0,2.0
Byron (A),2020Q4,2,1.0,1.0,1.0,1.0
Byron (A),2021Q1,1,1.0,1.0,1.0,1.0
Byron (A),2021Q2,0,,,,
Byron (A),2021Q3,2,2.0,2.0,2.0,2.0
Byron (A),2021Q4,1392,1.0,606.0,154.66666666666666,5.0
Byron (A),2022Q1,4142,51.0,1211.0,591.7142857142857,581.0
Wollongong (C),2020Q1,43,6.0,29.0,14.333333333333334,8.0
Wollongong (C),2020Q2,12,1.0,7.0,2.0,1.0
Wollongong (C),2020Q3,8,1.0,3.0,1.6,1.0
Wollongong (C),2020Q4,10,1.0,3.0,1.6666666666666667,1.5
Wollongong (C),2021Q1,4,1.0,1.0,1.0,1.0
Wollongong (C),2021Q2,10,1.0,3.0,1.6666666666666667,1.5
Wollongong (C),2021Q3,1017,1.0,333.0,92.45454545454545,27.0
Wollongong (C),2021Q4,3034,11.0,1595.0,216.71428571428572,52.5
Wollongong (C),2022Q1,21005,127.0,6248.0,3000.714285714286,3096.0
Lake Macquarie (C),2020Q1,42,5.0,28.0,14.0,9.0
Lake Macquarie (C),2020Q2,16,1.0,5.0,3.2,4.0
Lake Macquarie (C),2020Q3,3,1.0,2.0,1.5,1.5
Lake Macquarie (C),2020Q4,3,1.0,1.0,1.0,1.0
Lake Macquarie (C),2021Q1,1,1.0,1.0,1.0,1.0
Lake Macquarie (C),2021Q2,1,1.0,1.0,1.0,1.0
Lake Macquarie (C),2021Q3,320,1.0,102.0,32.0,17.5
Lake Macquarie (C),2021Q4,4904,8.0,1607.0,350.2857142857143,66.0
Lake Macquarie (C),2022Q1,15790,374.0,4159.0,2255.714285714286,2849.0
Mosman (A),2020Q1,30,2.0,17.0,10.0,11.0
Mosman (A),2020Q2,11,3.0,8.0,5.5,5.5
Mosman (A),2020Q3,1,1.0,1.0,1.0,1.0
Mosman (A),2020Q4,2,1.0,1.0,1.0,1.0
Mosman (A),2021Q1,6,1.0,5.0,3.0,3.0
Mosman (A),2021Q2,0,,,,
Mosman (A),2021Q3,16,2.0,4.0,3.2,3.0
Mosman (A),2021Q4,526,1.0,328.0,47.81818181818182,7.0
Mosman (A),2022Q1,2291,45.0,717.0,327.2857142857143,351.0
Mid-Coast (A),2020Q1,34,1.0,27.0,11.333333333333334,6.0
Mid-Coast (A),2020Q2,9,1.0,7.0,3.0,1.0
Mid-Coast (A),2020Q3,1,1.0,1.0,1.0,1.0
Mid-Coast (A),2020Q4,0,,,,
Mid-Coast (A),2021Q1,1,1.0,1.0,1.0,1.0
Mid-Coast (A),2021Q2,0,,,,
Mid-Coast (A),2021Q3,14,1.0,4.0,2.3333333333333335,2.5
Mid-Coast (A),2021Q4,999,1.0,363.0,71.35714285714286,48.5
Mid-Coast (A),2022Q1,5644,58.0,1380.0,806.2857142857143,1010.0
Shoalhaven (C),2020Q1,22,2.0,14.0,7.333333333333333,6.0
Shoalhaven (C),2020Q2,9,2.0,7.0,4.5,4.5
Shoalhaven (C),2020Q3,3,1.0,1.0,1.0,1.0
Shoalhaven (C),2020Q4,2,1.0,1.0,1.0,1.0
Shoalhaven (C),2021Q1,1,1.0,1.0,1.0,1.0
Shoalhaven (C),2021Q2,0,,,,
Shoalhaven (C),2021Q3,141,1.0,55.0,20.142857142857142,12.0
Shoalhaven (C),2021Q4,636,1.0,378.0,48.92307692307692,18.0
Shoalhaven (C),2022Q1,7324,104.0,1871.0,1046.2857142857142,1151.0
Kiama (A),2020Q1,4,1.0,2.0,1.3333333333333333,1.0
Kiama (A),2020Q2,3,3.0,3.0,3.0,3.0
Kiama (A),2020Q3,0,,,,
Kiama (A),2020Q4,0,,,,
Kiama (A),2021Q1,0,,,,
Kiama (A),2021Q2,0,,,,
Kiama (A),2021Q3,28,1.0,12.0,5.6,3.0
Kiama (A),2021Q4,221,1.0,150.0,22.1,3.5
Kiama (A),2022Q1,1903,26.0,572.0,271.85714285714283,251.0
Newcastle (C),2020Q1,43,6.0,29.0,14.333333333333334,8.0
Newcastle (C),2020Q2,12,1.0,7.0,4.0,4.0
Newcastle (C),2020Q3,5,1.0,3.0,1.6666666666666667,1.0
Newcastle (C),2020Q4,2,1.0,1.0,1.0,1.0
Newcastle (C),2021Q1,3,1.0,1.0,1.0,1.0
Newcastle (C),2021Q2,3,3.0,3.0,3.0,3.0
Newcastle (C),2021Q3,318,5.0,88.0,35.333333333333336,28.0
Newcastle (C),2021Q4,5757,13.0,1779.0,411.2142857142857,75.0
Newcastle (C),2022Q1,14120,300.0,4058.0,2017.142857142857,2254.0
Bathurst Regional (A),2020Q1,9,1.0,6.0,3.0,2.0
Bathurst Regional (A),2020Q2,0,,,,
Bathurst Regional (A),2020Q3,0,,,,
Bathurst Regional (A),2020Q4,0,,,,
Bathurst Regional (A),2021Q1,0,,,,
Bathurst Regional (A),2021Q2,0,,,,
Bathurst Regional (A),2021Q3,55,1.0,20.0,6.875,5.5
Bathurst Regional (A),2021Q4,190,1.0,62.0,14.615384615384615,10.0
Bathurst Regional (A),2022Q1,3354,9.0,887.0,479.14285714285717,484.0
Maitland (C),2020Q1,20,1.0,17.0,6.666666666666667,2.0
Maitland (C),2020Q2,5,1.0,3.0,1.6666666666666667,1.0
Maitland (C),2020Q3,0,,,,
Maitland (C),2020Q4,2,2.0,2.0,2.0,2.0
Maitland (C),2021Q1,0,,,,
Maitland (C),2021Q2,0,,,,
Maitland (C),2021Q3,146,3.0,58.0,16.22222222222222,16.0
Maitland (C),2021Q4,2149,2.0,816.0,153.5,32.0
Maitland (C),2022Q1,8565,203.0,2572.0,1223.5714285714287,1361.0
Tweed (A),2020Q1,12,1.0,9.0,4.0,2.0
Tweed (A),2020Q2,2,1.0,1.0,1.0,1.0
Tweed (A),2020Q3,0,,,,
Tweed (A),2020Q4,2,1.0,1.0,1.0,1.0
Tweed (A),2021Q1,1,1.0,1.0,1.0,1.0
Tweed (A),2021Q2,1,1.0,1.0,1.0,1.0
Tweed (A),2021Q3,1,1.0,1.0,1.0,1.0
Tweed (A),2021Q4,420,1.0,301.0,46.666666666666664,4.0
Tweed (A),2022Q1,9462,73.0,2069.0,1351.7142857142858,1920.0
Dungog (A),2020Q1,5,2.0,3.0,2.5,2.5
Dungog (A),2020Q2,1,1.0,1.0,1.0,1.0
Dungog (A),2020Q3,0,,,,
Dungog (A),2020Q4,0,,,,
Dungog (A),2021Q1,0,,,,
Dungog (A),2021Q2,0,,,,
Dungog (A),2021Q3,2,1.0,1.0,1.0,1.0
Dungog (A),2021Q4,63,1.0,22.0,7.875,4.0
Dungog (A),2022Q1,550,7.0,146.0,78.57142857142857,85.0
Strathfield (A),2020Q1,5,1.0,2.0,1.6666666666666667,2.0
Strathfield (A),2020Q2,13,1.0,6.0,1.8571428571428572,1.0
Strathfield (A),2020Q3,5,1.0,2.0,1.25,1.0
Strathfield (A),2020Q4,4,1.0,1.0,1.0,1.0
Strathfield (A),2021Q1,0,,,,
Strathfield (A),2021Q2,7,1.0,4.0,1.75,1.0
Strathfield (A),2021Q3,510,1.0,123.0,36.42857142857143,28.5
Strathfield (A),2021Q4,1325,3.0,908.0,94.64285714285714,9.5
Strathfield (A),2022Q1,6894,82.0,2699.0,984.8571428571429,745.0
Clarence Valley (A),2020Q1,8,1.0,7.0,4.0,4.0
Clarence Valley (A),2020Q2,0,,,,
Clarence Valley (A),2020Q3,0,,,,
Clarence Valley (A),2020Q4,0,,,,
Clarence Valley (A),2021Q1,0,,,,
Clarence Valley (A),2021Q2,0,,,,
Clarence Valley (A),2021Q3,0,,,,
Clarence Valley (A),2021Q4,228,1.0,82.0,22.8,9.5
Clarence Valley (A),2022Q1,2632,56.0,681.0,376.0,449.0
Liverpool Plains (A),2020Q1,2,1.0,1.0,1.0,1.0
Liverpool Plains (A),2020Q2,0,,,,
Liverpool Plains (A),2020Q3,0,,,,
Liverpool Plains (A),2020Q4,0,,,,
Liverpool Plains (A),2021Q1,0,,,,
Liverpool Plains (A),2021Q2,0,,,,
Liverpool Plains (A),2021Q3,0,,,,
Liverpool Plains (A),2021Q4,20,1.0,15.0,6.666666666666667,4.0
Liverpool Plains (A),2022Q1,286,2.0,96.0,40.857142857142854,39.0
Port Macquarie-Hastings (A),2020Q1,22,1.0,16.0,7.333333333333333,5.0
Port Macquarie-Hastings (A),2020Q2,4,2.0,2.0,2.0,2.0
Port Macquarie-Hastings (A),2020Q3,0,,,,
Port Macquarie-Hastings (A),2020Q4,0,,,,
Port Macquarie-Hastings (A),2021Q1,0,,,,
Port Macquarie-Hastings (A),2021Q2,0,,,,
Port Macquarie-Hastings (A),2021Q3,4,1.0,2.0,1.3333333333333333,1.0
Port Macquarie-Hastings (A),2021Q4,763,1.0,320.0,54.5,16.0
Port Macquarie-Hastings (A),2022Q1,5825,107.0,1512.0,832.1428571428571,901.0
Eurobodalla (A),2020Q1,9,1.0,6.0,3.0,2.0
Eurobodalla (A),2020Q2,1,1.0,1.0,1.0,1.0
Eurobodalla (A),2020Q3,7,1.0,3.0,2.3333333333333335,3.0
Eurobodalla (A),2020Q4,1,1.0,1.0,1.0,1.0
Eurobodalla (A),2021Q1,0,,,,
Eurobodalla (A),2021Q2,0,,,,
Eurobodalla (A),2021Q3,33,3.0,14.0,8.25,8.0
Eurobodalla (A),2021Q4,57,1.0,23.0,5.181818181818182,2.0
Eurobodalla (A),2022Q1,1756,4.0,585.0,250.85714285714286,240.0
Queanbeyan-Palerang Regional (A),2020Q1,9,2.0,7.0,4.5,4.5
Queanbeyan-Palerang Regional (A),2020Q2,1,1.0,1.0,1.0,1.0
Queanbeyan-Palerang Regional (A),2020Q3,1,1.0,1.0,1.0,1.0
Queanbeyan-Palerang Regional (A),2020Q4,3,3.0,3.0,3.0,3.0
Queanbeyan-Palerang Regional (A),2021Q1,1,1.0,1.0,1.0,1.0
Queanbeyan-Palerang Regional (A),2021Q2,2,2.0,2.0,2.0,2.0
Queanbeyan-Palerang Regional (A),2021Q3,81,2.0,51.0,13.5,5.5
Queanbeyan-Palerang Regional (A),2021Q4,508,5.0,242.0,36.285714285714285,23.0
Queanbeyan-Palerang Regional (A),2022Q1,4074,49.0,942.0,582.0,654.0
Bega Valley (A),2020Q1,9,1.0,6.0,3.0,2.0
Bega Valley (A),2020Q2,0,,,,
Bega Valley (A),2020Q3,0,,,,
Bega Valley (A),2020Q4,0,,,,
Bega Valley (A),2021Q1,1,1.0,1.0,1.0,1.0
Bega Valley (A),2021Q2,0,,,,
Bega Valley (A),2021Q3,0,,,,
Bega Valley (A),2021Q4,78,1.0,51.0,9.75,4.0
Bega Valley (A),2022Q1,1616,16.0,464.0,230.85714285714286,227.0
Shellharbour (C),2020Q1,19,1.0,14.0,6.333333333333333,4.0
Shellharbour (C),2020Q2,8,1.0,6.0,2.6666666666666665,1.0
Shellharbour (C),2020Q3,2,1.0,1.0,1.0,1.0
Shellharbour (C),2020Q4,0,,,,
Shellharbour (C),2021Q1,0,,,,
Shellharbour (C),2021Q2,0,,,,
Shellharbour (C),2021Q3,357,4.0,90.0,44.625,43.0
Shellharbour (C),2021Q4,732,1.0,383.0,56.30769230769231,22.0
Shellharbour (C),2022Q1,8210,48.0,2394.0,1172.857142857143,1334.0
Albury (C),2020Q1,6,6.0,6.0,6.0,6.0
Albury (C),2020Q2,2,1.0,1.0,1.0,1.0
Albury (C),2020Q3,3,3.0,3.0,3.0,3.0
Albury (C),2020Q4,0,,,,
Albury (C),2021Q1,0,,,,
Albury (C),2021Q2,0,,,,
Albury (C),2021Q3,7,3.0,4.0,3.5,3.5
Albury (C),2021Q4,871,1.0,203.0,67.0,33.0
Albury (C),2022Q1,4056,38.0,1001.0,579.4285714285714,640.0
Tenterfield (A),2020Q1,3,3.0,3.0,3.0,3.0
Tenterfield (A),2020Q2,0,,,,
Tenterfield (A),2020Q3,0,,,,
Tenterfield (A),2020Q4,0,,,,
Tenterfield (A),2021Q1,0,,,,
Tenterfield (A),2021Q2,0,,,,
Tenterfield (A),2021Q3,0,,,,
Tenterfield (A),2021Q4,9,1.0,3.0,2.25,2.5
Tenterfield (A),2022Q1,154,1.0,39.0,22.0,26.0
Blayney (A),2020Q1,3,3.0,3.0,3.0,3.0
Blayney (A),2020Q2,0,,,,
Blayney (A),2020Q3,0,,,,
Blayney (A),2020Q4,0,,,,
Blayney (A),2021Q1,0,,,,
Blayney (A),2021Q2,0,,,,
Blayney (A),2021Q3,8,1.0,4.0,2.0,1.5
Blayney (A),2021Q4,22,5.0,9.0,7.333333333333333,8.0
Blayney (A),2022Q1,452,4.0,118.0,64.57142857142857,70.0
Tamworth Regional (A),2020Q1,12,1.0,11.0,6.0,6.0
Tamworth Regional (A),2020Q2,1,1.0,1.0,1.0,1.0
Tamworth Regional (A),2020Q3,0,,,,
Tamworth Regional (A),2020Q4,0,,,,
Tamworth Regional (A),2021Q1,0,,,,
Tamworth Regional (A),2021Q2,0,,,,
Tamworth Regional (A),2021Q3,1,1.0,1.0,1.0,1.0
Tamworth Regional (A),2021Q4,600,1.0,211.0,42.857142857142854,30.5
Tamworth Regional (A),2022Q1,4645,73.0,1129.0,663.5714285714286,875.0
Ballina (A),2020Q1,4,4.0,4.0,4.0,4.0
Ballina (A),2020Q2,4,1.0,2.0,1.3333333333333333,1.0
Ballina (A),2020Q3,0,,,,
Ballina (A),2020Q4,2,1.0,1.0,1.0,1.0
Ballina (A),2021Q1,4,1.0,2.0,1.3333333333333333,1.0
Ballina (A),2021Q2,0,,,,
Ballina (A),2021Q3,1,1.0,1.0,1.0,1.0
Ballina (A),2021Q4,353,1.0,182.0,29.416666666666668,3.0
Ballina (A),2022Q1,3407,63.0,781.0,486.7142857142857,554.0
Port Stephens (A),2020Q1,22,4.0,18.0,11.0,11.0
Port Stephens (A),2020Q2,7,3.0,4.0,3.5,3.5
Port Stephens (A),2020Q3,7,3.0,4.0,3.5,3.5
Port Stephens (A),2020Q4,2,1.0,1.0,1.0,1.0
Port Stephens (A),2021Q1,1,1.0,1.0,1.0,1.0
Port Stephens (A),2021Q2,3,1.0,2.0,1.5,1.5
Port Stephens (A),2021Q3,93,2.0,23.0,11.625,9.5
Port Stephens (A),2021Q4,1116,1.0,465.0,85.84615384615384,22.0
Port Stephens (A),2022Q1,5444,84.0,1611.0,777.7142857142857,887.0
Inverell (A),2020Q1,3,3.0,3.0,3.0,3.0
Inverell (A),2020Q2,0,,,,
Inverell (A),2020Q3,0,,,,
Inverell (A),2020Q4,1,1.0,1.0,1.0,1.0
Inverell (A),2021Q1,0,,,,
Inverell (A),2021Q2,0,,,,
Inverell (A),2021Q3,1,1.0,1.0,1.0,1.0
Inverell (A),2021Q4,175,1.0,58.0,21.875,20.0
Inverell (A),2022Q1,1290,4.0,308.0,184.28571428571428,220.0
Lithgow (C),2020Q1,1,1.0,1.0,1.0,1.0
Lithgow (C),2020Q2,3,1.0,2.0,1.5,1.5
Lithgow (C),2020Q3,0,,,,
Lithgow (C),2020Q4,2,2.0,2.0,2.0,2.0
Lithgow (C),2021Q1,0,,,,
Lithgow (C),2021Q2,1,1.0,1.0,1.0,1.0
Lithgow (C),2021Q3,22,1.0,12.0,2.75,1.0
Lithgow (C),2021Q4,71,1.0,29.0,7.888888888888889,5.0
Lithgow (C),2022Q1,980,8.0,264.0,140.0,146.0
Kempsey (A),2020Q1,3,1.0,2.0,1.5,1.5
Kempsey (A),2020Q2,1,1.0,1.0,1.0,1.0
Kempsey (A),2020Q3,0,,,,
Kempsey (A),2020Q4,0,,,,
Kempsey (A),2021Q1,0,,,,
Kempsey (A),2021Q2,0,,,,
Kempsey (A),2021Q3,11,1.0,6.0,2.75,2.0
Kempsey (A),2021Q4,432,2.0,96.0,30.857142857142858,17.0
Kempsey (A),2022Q1,2330,51.0,470.0,332.85714285714283,418.0
Nambucca (A),2020Q1,2,1.0,1.0,1.0,1.0
Nambucca (A),2020Q2,1,1.0,1.0,1.0,1.0
Nambucca (A),2020Q3,0,,,,
Nambucca (A),2020Q4,0,,,,
Nambucca (A),2021Q1,0,,,,
Nambucca (A),2021Q2,0,,,,
Nambucca (A),2021Q3,2,1.0,1.0,1.0,1.0
Nambucca (A),2021Q4,106,1.0,38.0,13.25,11.5
Nambucca (A),2022Q1,1045,12.0,255.0,149.28571428571428,163.0
Dubbo Regional (A),2020Q1,5,5.0,5.0,5.0,5.0
Dubbo Regional (A),2020Q2,0,,,,
Dubbo Regional (A),2020Q3,0,,,,
Dubbo Regional (A),2020Q4,0,,,,
Dubbo Regional (A),2021Q1,0,,,,
Dubbo Regional (A),2021Q2,3,1.0,2.0,1.5,1.5
Dubbo Regional (A),2021Q3,880,54.0,182.0,110.0,94.0
Dubbo Regional (A),2021Q4,452,3.0,229.0,41.09090909090909,17.0
Dubbo Regional (A),2022Q1,4411,58.0,1019.0,630.1428571428571,777.0
Mid-Western Regional (A),2020Q1,4,4.0,4.0,4.0,4.0
Mid-Western Regional (A),2020Q2,2,2.0,2.0,2.0,2.0
Mid-Western Regional (A),2020Q3,0,,,,
Mid-Western Regional (A),2020Q4,0,,,,
Mid-Western Regional (A),2021Q1,0,,,,
Mid-Western Regional (A),2021Q2,0,,,,
Mid-Western Regional (A),2021Q3,27,1.0,8.0,3.375,2.5
Mid-Western Regional (A),2021Q4,118,1.0,45.0,16.857142857142858,5.0
Mid-Western Regional (A),2022Q1,1318,9.0,393.0,188.28571428571428,226.0
Warrumbungle Shire (A),2020Q1,2,2.0,2.0,2.0,2.0
Warrumbungle Shire (A),2020Q2,0,,,,
Warrumbungle Shire (A),2020Q3,0,,,,
Warrumbungle Shire (A),2020Q4,0,,,,
Warrumbungle Shire (A),2021Q1,0,,,,
Warrumbungle Shire (A),2021Q2,0,,,,
Warrumbungle Shire (A),2021Q3,3,3.0,3.0,3.0,3.0
Warrumbungle Shire (A),2021Q4,90,1.0,36.0,15.0,13.5
Warrumbungle Shire (A),2022Q1,375,4.0,115.0,53.57142857142857,60.0
Lismore (C),2020Q1,5,1.0,4.0,2.5,2.5
Lismore (C),2020Q2,0,,,,
Lismore (C),2020Q3,1,1.0,1.0,1.0,1.0
Lismore (C),2020Q4,0,,,,
Lismore (C),2021Q1,0,,,,
Lismore (C),2021Q2,0,,,,
Lismore (C),2021Q3,4,1.0,2.0,1.3333333333333333,1.0
Lismore (C),2021Q4,280,2.0,128.0,21.53846153846154,7.0
Lismore (C),2022Q1,2805,44.0,660.0,400.7142857142857,492.0
Wagga Wagga (C),2020Q1,9,4.0,5.0,4.5,4.5
Wagga Wagga (C),2020Q2,1,1.0,1.0,1.0,1.0
Wagga Wagga (C),2020Q3,5,1.0,3.0,1.6666666666666667,1.0
Wagga Wagga (C),2020Q4,2,2.0,2.0,2.0,2.0
Wagga Wagga (C),2021Q1,1,1.0,1.0,1.0,1.0
Wagga Wagga (C),2021Q2,1,1.0,1.0,1.0,1.0
Wagga Wagga (C),2021Q3,0,,,,
Wagga Wagga (C),2021Q4,366,1.0,164.0,30.5,12.0
Wagga Wagga (C),2022Q1,5060,54.0,1316.0,722.8571428571429,725.0
Cabonne (A),2020Q1,2,2.0,2.0,2.0,2.0
Cabonne (A),2020Q2,3,3.0,3.0,3.0,3.0
Cabonne (A),2020Q3,0,,,,
Cabonne (A),2020Q4,0,,,,
Cabonne (A),2021Q1,0,,,,
Cabonne (A),2021Q2,0,,,,
Cabonne (A),2021Q3,3,1.0,1.0,1.0,1.0
Cabonne (A),2021Q4,102,6.0,52.0,20.4,12.0
Cabonne (A),2022Q1,543,6.0,147.0,77.57142857142857,84.0
Griffith (C),2020Q1,3,3.0,3.0,3.0,3.0
Griffith (C),2020Q2,0,,,,
Griffith (C),2020Q3,0,,,,
Griffith (C),2020Q4,0,,,,
Griffith (C),2021Q1,0,,,,
Griffith (C),2021Q2,0,,,,
Griffith (C),2021Q3,1,1.0,1.0,1.0,1.0
Griffith (C),2021Q4,129,2.0,85.0,16.125,4.5
Griffith (C),2022Q1,3099,25.0,855.0,442.7142857142857,405.0
Cootamundra-Gundagai Regional (A),2020Q1,1,1.0,1.0,1.0,1.0
Cootamundra-Gundagai Regional (A),2020Q2,1,1.0,1.0,1.0,1.0
Cootamundra-Gundagai Regional (A),2020Q3,0,,,,
Cootamundra-Gundagai Regional (A),2020Q4,0,,,,
Cootamundra-Gundagai Regional (A),2021Q1,0,,,,
Cootamundra-Gundagai Regional (A),2021Q2,0,,,,
Cootamundra-Gundagai Regional (A),2021Q3,0,,,,
Cootamundra-Gundagai Regional (A),2021Q4,28,1.0,21.0,7.0,3.0
Cootamundra-Gundagai Regional (A),2022Q1,503,12.0,110.0,71.85714285714286,83.0
Federation (A),2020Q1,7,1.0,6.0,3.5,3.5
Federation (A),2020Q2,0,,,,
Federation (A),2020Q3,0,,,,
Federation (A),2020Q4,0,,,,
Federation (A),2021Q1,0,,,,
Federation (A),2021Q2,0,,,,
Federation (A),2021Q3,0,,,,
Federation (A),2021Q4,67,1.0,21.0,6.090909090909091,4.0
Federation (A),2022Q1,771,6.0,186.0,110.14285714285714,113.0
Singleton (A),2020Q1,2,2.0,2.0,2.0,2.0
Singleton (A),2020Q2,1,1.0,1.0,1.0,1.0
Singleton (A),2020Q3,1,1.0,1.0,1.0,1.0
Singleton (A),2020Q4,0,,,,
Singleton (A),2021Q1,0,,,,
Singleton (A),2021Q2,0,,,,
Singleton (A),2021Q3,12,2.0,4.0,3.0,3.0
Singleton (A),2021Q4,346,1.0,179.0,31.454545454545453,5.0
Singleton (A),2022Q1,1795,47.0,536.0,256.42857142857144,257.0
Greater Hume Shire (A),2020Q1,3,1.0,2.0,1.5,1.5
Greater Hume Shire (A),2020Q2,0,,,,
Greater Hume Shire (A),2020Q3,0,,,,
Greater Hume Shire (A),2020Q4,0,,,,
Greater Hume Shire (A),2021Q1,0,,,,
Greater Hume Shire (A),2021Q2,0,,,,
Greater Hume Shire (A),2021Q3,0,,,,
Greater Hume Shire (A),2021Q4,79,1.0,31.0,7.9,4.5
Greater Hume Shire (A),2022Q1,660,3.0,175.0,94.28571428571429,88.0
Narromine (A),2020Q1,1,1.0,1.0,1.0,1.0
Narromine (A),2020Q2,0,,,,
Narromine (A),2020Q3,0,,,,
Narromine (A),2020Q4,0,,,,
Narromine (A),2021Q1,0,,,,
Narromine (A),2021Q2,0,,,,
Narromine (A),2021Q3,41,2.0,15.0,6.833333333333333,6.5
Narromine (A),2021Q4,35,1.0,11.0,5.0,4.0
Narromine (A),2022Q1,363,5.0,90.0,51.857142857142854,65.0
Snowy Monaro Regional (A),2020Q1,6,1.0,5.0,3.0,3.0
Snowy Monaro Regional (A),2020Q2,0,,,,
Snowy Monaro Regional (A),2020Q3,0,,,,
Snowy Monaro Regional (A),2020Q4,3,1.0,2.0,1.5,1.5
Snowy Monaro Regional (A),2021Q1,2,1.0,1.0,1.0,1.0
Snowy Monaro Regional (A),2021Q2,0,,,,
Snowy Monaro Regional (A),2021Q3,13,1.0,11.0,4.333333333333333,1.0
Snowy Monaro Regional (A),2021Q4,175,7.0,59.0,19.444444444444443,11.0
Snowy Monaro Regional (A),2022Q1,1098,14.0,314.0,156.85714285714286,145.0
Weddin (A),2020Q1,1,1.0,1.0,1.0,1.0
Weddin (A),2020Q2,0,,,,
Weddin (A),2020Q3,0,,,,
Weddin (A),2020Q4,0,,,,
Weddin (A),2021Q1,0,,,,
Weddin (A),2021Q2,0,,,,
Weddin (A),2021Q3,0,,,,
Weddin (A),2021Q4,2,1.0,1.0,1.0,1.0
Weddin (A),2022Q1,96,1.0,39.0,13.714285714285714,8.0
Upper Hunter Shire (A),2020Q1,1,1.0,1.0,1.0,1.0
Upper Hunter Shire (A),2020Q2,0,,,,
Upper Hunter Shire (A),2020Q3,1,1.0,1.0,1.0,1.0
Upper Hunter Shire (A),2020Q4,1,1.0,1.0,1.0,1.0
Upper Hunter Shire (A),2021Q1,0,,,,
Upper Hunter Shire (A),2021Q2,0,,,,
Upper Hunter Shire (A),2021Q3,4,2.0,2.0,2.0,2.0
Upper Hunter Shire (A),2021Q4,137,1.0,77.0,27.4,13.0
Upper Hunter Shire (A),2022Q1,768,8.0,195.0,109.71428571428571,133.0
Wollondilly (A),2020Q1,2,2.0,2.0,2.0,2.0
Wollondilly (A),2020Q2,2,1.0,1.0,1.0,1.0
Wollondilly (A),2020Q3,8,1.0,4.0,1.6,1.0
Wollondilly (A),2020Q4,4,2.0,2.0,2.0,2.0
Wollondilly (A),2021Q1,0,,,,
Wollondilly (A),2021Q2,0,,,,
Wollondilly (A),2021Q3,157,1.0,38.0,15.7,11.5
Wollondilly (A),2021Q4,459,1.0,266.0,38.25,8.0
Wollondilly (A),2022Q1,3859,74.0,1067.0,551.2857142857143,649.0
Glen Innes Severn (A),2020Q1,2,2.0,2.0,2.0,2.0
Glen Innes Severn (A),2020Q2,0,,,,
Glen Innes Severn (A),2020Q3,0,,,,
Glen Innes Severn (A),2020Q4,0,,,,
Glen Innes Severn (A),2021Q1,0,,,,
Glen Innes Severn (A),2021Q2,1,1.0,1.0,1.0,1.0
Glen Innes Severn (A),2021Q3,2,1.0,1.0,1.0,1.0
Glen Innes Severn (A),2021Q4,12,1.0,6.0,3.0,2.5
Glen Innes Severn (A),2022Q1,376,1.0,111.0,53.714285714285715,32.0
Warren (A),2020Q1,1,1.0,1.0,1.0,1.0
Warren (A),2020Q2,0,,,,
Warren (A),2020Q3,0,,,,
Warren (A),2020Q4,0,,,,
Warren (A),2021Q1,0,,,,
Warren (A),2021Q2,0,,,,
Warren (A),2021Q3,8,1.0,3.0,1.6,1.0
Warren (A),2021Q4,24,1.0,17.0,8.0,6.0
Warren (A),2022Q1,148,1.0,58.0,21.142857142857142,20.0
Muswellbrook (A),2020Q1,1,1.0,1.0,1.0,1.0
Muswellbrook (A),2020Q2,0,,,,
Muswellbrook (A),2020Q3,0,,,,
Muswellbrook (A),2020Q4,0,,,,
Muswellbrook (A),2021Q1,0,,,,
Muswellbrook (A),2021Q2,0,,,,
Muswellbrook (A),2021Q3,10,5.0,5.0,5.0,5.0
Muswellbrook (A),2021Q4,178,1.0,97.0,19.77777777777778,4.0
Muswellbrook (A),2022Q1,1072,22.0,250.0,153.14285714285714,177.0
Yass Valley (A),2020Q1,6,2.0,4.0,3.0,3.0
Yass Valley (A),2020Q2,0,,,,
Yass Valley (A),2020Q3,0,,,,
Yass Valley (A),2020Q4,2,2.0,2.0,2.0,2.0
Yass Valley (A),2021Q1,0,,,,
Yass Valley (A),2021Q2,0,,,,
Yass Valley (A),2021Q3,19,7.0,12.0,9.5,9.5
Yass Valley (A),2021Q4,120,1.0,94.0,12.0,2.0
Yass Valley (A),2022Q1,709,20.0,206.0,101.28571428571429,92.0
Murrumbidgee (A),2020Q1,3,3.0,3.0,3.0,3.0
Murrumbidgee (A),2020Q2,0,,,,
Murrumbidgee (A),2020Q3,0,,,,
Murrumbidgee (A),2020Q4,0,,,,
Murrumbidgee (A),2021Q1,0,,,,
Murrumbidgee (A),2021Q2,0,,,,
Murrumbidgee (A),2021Q3,0,,,,
Murrumbidgee (A),2021Q4,15,1.0,11.0,5.0,3.0
Murrumbidgee (A),2022Q1,249,2.0,70.0,35.57142857142857,39.0
Upper Lachlan Shire (A),2020Q1,3,1.0,2.0,1.5,1.5
Upper Lachlan Shire (A),2020Q2,0,,,,
Upper Lachlan Shire (A),2020Q3,0,,,,
Upper Lachlan Shire (A),2020Q4,0,,,,
Upper Lachlan Shire (A),2021Q1,0,,,,
Upper Lachlan Shire (A),2021Q2,0,,,,
Upper Lachlan Shire (A),2021Q3,0,,,,
Upper Lachlan Shire (A),2021Q4,36,1.0,29.0,9.0,3.0
Upper Lachlan Shire (A),2022Q1,325,4.0,84.0,46.42857142857143,63.0
Bellingen (A),2020Q1,1,1.0,1.0,1.0,1.0
Bellingen (A),2020Q2,0,,,,
Bellingen (A),2020Q3,0,,,,
Bellingen (A),2020Q4,0,,,,
Bellingen (A),2021Q1,0,,,,
Bellingen (A),2021Q2,0,,,,
Bellingen (A),2021Q3,0,,,,
Bellingen (A),2021Q4,98,1.0,48.0,24.5,24.5
Bellingen (A),2022Q1,611,5.0,176.0,87.28571428571429,101.0
Armidale Regional (A),2020Q1,1,1.0,1.0,1.0,1.0
Armidale Regional (A),2020Q2,3,1.0,2.0,1.5,1.5
Armidale Regional (A),2020Q3,0,,,,
Armidale Regional (A),2020Q4,0,,,,
Armidale Regional (A),2021Q1,1,1.0,1.0,1.0,1.0
Armidale Regional (A),2021Q2,0,,,,
Armidale Regional (A),2021Q3,4,2.0,2.0,2.0,2.0
Armidale Regional (A),2021Q4,155,1.0,72.0,15.5,7.0
Armidale Regional (A),2022Q1,2099,7.0,501.0,299.85714285714283,329.0
Hay (A),2020Q1,1,1.0,1.0,1.0,1.0
Hay (A),2020Q2,0,,,,
Hay (A),2020Q3,0,,,,
Hay (A),2020Q4,0,,,,
Hay (A),2021Q1,0,,,,
Hay (A),2021Q2,0,,,,
Hay (A),2021Q3,0,,,,
Hay (A),2021Q4,5,1.0,2.0,1.6666666666666667,2.0
Hay (A),2022Q1,89,4.0,25.0,14.833333333333334,14.0
Berrigan (A),2020Q1,2,2.0,2.0,2.0,2.0
Berrigan (A),2020Q2,3,3.0,3.0,3.0,3.0
Berrigan (A),2020Q3,0,,,,
Berrigan (A),2020Q4,0,,,,
Berrigan (A),2021Q1,0,,,,
Berrigan (A),2021Q2,0,,,,
Berrigan (A),2021Q3,0,,,,
Berrigan (A),2021Q4,18,1.0,4.0,2.5714285714285716,2.0
Berrigan (A),2022Q1,345,19.0,102.0,57.5,58.0
Narrandera (A),2020Q1,1,1.0,1.0,1.0,1.0
Narrandera (A),2020Q2,0,,,,
Narrandera (A),2020Q3,0,,,,
Narrandera (A),2020Q4,0,,,,
Narrandera (A),2021Q1,0,,,,
Narrandera (A),2021Q2,0,,,,
Narrandera (A),2021Q3,0,,,,
Narrandera (A),2021Q4,13,3.0,6.0,4.333333333333333,4.0
Narrandera (A),2022Q1,233,16.0,82.0,38.833333333333336,29.0
Broken Hill (C),2020Q1,1,1.0,1.0,1.0,1.0
Broken Hill (C),2020Q2,1,1.0,1.0,1.0,1.0
Broken Hill (C),2020Q3,0,,,,
Broken Hill (C),2020Q4,0,,,,
Broken Hill (C),2021Q1,0,,,,
Broken Hill (C),2021Q2,0,,,,
Broken Hill (C),2021Q3,111,2.0,34.0,15.857142857142858,20.0
Broken Hill (C),2021Q4,78,1.0,29.0,5.571428571428571,4.0
Broken Hill (C),2022Q1,526,9.0,126.0,75.14285714285714,87.0
Uralla (A),2020Q1,1,1.0,1.0,1.0,1.0
Uralla (A),2020Q2,0,,,,
Uralla (A),2020Q3,0,,,,
Uralla (A),2020Q4,0,,,,
Uralla (A),2021Q1,0,,,,
Uralla (A),2021Q2,0,,,,
Uralla (A),2021Q3,0,,,,
Uralla (A),2021Q4,9,4.0,5.0,4.5,4.5
Uralla (A),2022Q1,151,5.0,44.0,25.166666666666668,24.5
Richmond Valley (A),2020Q1,1,1.0,1.0,1.0,1.0
Richmond Valley (A),2020Q2,1,1.0,1.0,1.0,1.0
Richmond Valley (A),2020Q3,0,,,,
Richmond Valley (A),2020Q4,0,,,,
Richmond Valley (A),2021Q1,0,,,,
Richmond Valley (A),2021Q2,0,,,,
Richmond Valley (A),2021Q3,1,1.0,1.0,1.0,1.0
Richmond Valley (A),2021Q4,58,1.0,18.0,4.833333333333333,2.0
Richmond Valley (A),2022Q1,1414,11.0,304.0,202.0,265.0
Hilltops (A),2020Q1,0,,,,
Hilltops (A),2020Q2,2,2.0,2.0,2.0,2.0
Hilltops (A),2020Q3,0,,,,
Hilltops (A),2020Q4,0,,,,
Hilltops (A),2021Q1,0,,,,
Hilltops (A),2021Q2,0,,,,
Hilltops (A),2021Q3,22,5.0,11.0,7.333333333333333,6.0
Hilltops (A),2021Q4,49,2.0,32.0,12.25,7.5
Hilltops (A),2022Q1,965,13.0,238.0,137.85714285714286,161.0
Gunnedah (A),2020Q1,0,,,,
Gunnedah (A),2020Q2,1,1.0,1.0,1.0,1.0
Gunnedah (A),2020Q3,0,,,,
Gunnedah (A),2020Q4,0,,,,
Gunnedah (A),2021Q1,0,,,,
Gunnedah (A),2021Q2,0,,,,
Gunnedah (A),2021Q3,2,1.0,1.0,1.0,1.0
Gunnedah (A),2021Q4,67,1.0,32.0,9.571428571428571,8.0
Gunnedah (A),2022Q1,703,10.0,200.0,100.42857142857143,109.0
Parkes (A),2020Q1,0,,,,
Parkes (A),2020Q2,1,1.0,1.0,1.0,1.0
Parkes (A),2020Q3,1,1.0,1.0,1.0,1.0
Parkes (A),2020Q4,0,,,,
Parkes (A),2021Q1,0,,,,
Parkes (A),2021Q2,0,,,,
Parkes (A),2021Q3,10,1.0,5.0,3.3333333333333335,4.0
Parkes (A),2021Q4,31,1.0,18.0,7.75,6.0
Parkes (A),2022Q1,805,5.0,182.0,115.0,132.0
Moree Plains (A),2020Q1,0,,,,
Moree Plains (A),2020Q2,1,1.0,1.0,1.0,1.0
Moree Plains (A),2020Q3,0,,,,
Moree Plains (A),2020Q4,0,,,,
Moree Plains (A),2021Q1,0,,,,
Moree Plains (A),2021Q2,0,,,,
Moree Plains (A),2021Q3,1,1.0,1.0,1.0,1.0
Moree Plains (A),2021Q4,366,1.0,90.0,36.6,32.0
Moree Plains (A),2022Q1,990,25.0,275.0,141.42857142857142,141.0
Snowy Valleys (A),2020Q1,0,,,,
Snowy Valleys (A),2020Q2,0,,,,
Snowy Valleys (A),2020Q3,1,1.0,1.0,1.0,1.0
Snowy Valleys (A),2020Q4,0,,,,
Snowy Valleys (A),2021Q1,0,,,,
Snowy Valleys (A),2021Q2,0,,,,
Snowy Valleys (A),2021Q3,0,,,,
Snowy Valleys (A),2021Q4,40,1.0,32.0,8.0,2.0
Snowy Valleys (A),2022Q1,769,9.0,221.0,109.85714285714286,114.0
Junee (A),2020Q1,0,,,,
Junee (A),2020Q2,0,,,,
Junee (A),2020Q3,1,1.0,1.0,1.0,1.0
Junee (A),2020Q4,0,,,,
Junee (A),2021Q1,0,,,,
Junee (A),2021Q2,0,,,,
Junee (A),2021Q3,0,,,,
Junee (A),2021Q4,19,2.0,17.0,9.5,9.5
Junee (A),2022Q1,495,10.0,144.0,70.71428571428571,82.0
Correctional settings,2020Q1,0,,,,
Correctional settings,2020Q2,0,,,,
Correctional settings,2020Q3,1,1.0,1.0,1.0,1.0
Correctional settings,2020Q4,0,,,,
Correctional settings,2021Q1,0,,,,
Correctional settings,2021Q2,0,,,,
Correctional settings,2021Q3,406,2.0,109.0,50.75,45.5
Correctional settings,2021Q4,109,1.0,20.0,7.785714285714286,6.0
Correctional settings,2022Q1,1054,9.0,355.0,150.57142857142858,123.0
Temora (A),2020Q1,0,,,,
Temora (A),2020Q2,0,,,,
Temora (A),2020Q3,1,1.0,1.0,1.0,1.0
Temora (A),2020Q4,0,,,,
Temora (A),2021Q1,0,,,,
Temora (A),2021Q2,0,,,,
Temora (A),2021Q3,0,,,,
Temora (A),2021Q4,24,1.0,14.0,3.4285714285714284,2.0
Temora (A),2022Q1,314,15.0,119.0,52.333333333333336,45.5
Coonamble (A),2020Q1,0,,,,
Coonamble (A),2020Q2,0,,,,
Coonamble (A),2020Q3,0,,,,
Coonamble (A),2020Q4,1,1.0,1.0,1.0,1.0
Coonamble (A),2021Q1,0,,,,
Coonamble (A),2021Q2,0,,,,
Coonamble (A),2021Q3,2,1.0,1.0,1.0,1.0
Coonamble (A),2021Q4,22,1.0,10.0,5.5,5.5
Coonamble (A),2022Q1,244,4.0,55.0,40.666666666666664,45.5
Walgett (A),2020Q1,0,,,,
Walgett (A),2020Q2,0,,,,
Walgett (A),2020Q3,0,,,,
Walgett (A),2020Q4,0,,,,
Walgett (A),2021Q1,0,,,,
Walgett (A),2021Q2,0,,,,
Walgett (A),2021Q3,36,3.0,14.0,7.2,4.0
Walgett (A),2021Q4,85,1.0,30.0,10.625,10.0
Walgett (A),2022Q1,268,3.0,76.0,38.285714285714285,49.0
Gilgandra (A),2020Q1,0,,,,
Gilgandra (A),2020Q2,0,,,,
Gilgandra (A),2020Q3,0,,,,
Gilgandra (A),2020Q4,0,,,,
Gilgandra (A),2021Q1,0,,,,
Gilgandra (A),2021Q2,0,,,,
Gilgandra (A),2021Q3,9,1.0,3.0,2.25,2.5
Gilgandra (A),2021Q4,8,1.0,3.0,1.6,1.0
Gilgandra (A),2022Q1,209,3.0,53.0,29.857142857142858,37.0
Bourke (A),2020Q1,0,,,,
Bourke (A),2020Q2,0,,,,
Bourke (A),2020Q3,0,,,,
Bourke (A),2020Q4,0,,,,
Bourke (A),2021Q1,0,,,,
Bourke (A),2021Q2,0,,,,
Bourke (A),2021Q3,126,6.0,37.0,18.0,20.0
Bourke (A),2021Q4,40,1.0,12.0,5.714285714285714,4.0
Bourke (A),2022Q1,161,1.0,56.0,23.0,26.0
Central Darling (A),2020Q1,0,,,,
Central Darling (A),2020Q2,0,,,,
Central Darling (A),2020Q3,0,,,,
Central Darling (A),2020Q4,0,,,,
Central Darling (A),2021Q1,0,,,,
Central Darling (A),2021Q2,0,,,,
Central Darling (A),2021Q3,149,4.0,47.0,21.285714285714285,21.0
Central Darling (A),2021Q4,29,1.0,18.0,4.833333333333333,2.5
Central Darling (A),2022Q1,86,1.0,32.0,14.333333333333334,12.5
Brewarrina (A),2020Q1,0,,,,
Brewarrina (A),2020Q2,0,,,,
Brewarrina (A),2020Q3,0,,,,
Brewarrina (A),2020Q4,0,,,,
Brewarrina (A),2021Q1,0,,,,
Brewarrina (A),2021Q2,0,,,,
Brewarrina (A),2021Q3,10,1.0,6.0,3.3333333333333335,3.0
Brewarrina (A),2021Q4,8,1.0,7.0,4.0,4.0
Brewarrina (A),2022Q1,64,1.0,22.0,9.142857142857142,10.0
Forbes (A),2020Q1,0,,,,
Forbes (A),2020Q2,0,,,,
Forbes (A),2020Q3,0,,,,
Forbes (A),2020Q4,0,,,,
Forbes (A),2021Q1,0,,,,
Forbes (A),2021Q2,0,,,,
Forbes (A),2021Q3,4,2.0,2.0,2.0,2.0
Forbes (A),2021Q4,18,1.0,14.0,6.0,3.0
Forbes (A),2022Q1,468,2.0,136.0,66.85714285714286,77.0
Bogan (A),2020Q1,0,,,,
Bogan (A),2020Q2,0,,,,
Bogan (A),2020Q3,0,,,,
Bogan (A),2020Q4,0,,,,
Bogan (A),2021Q1,0,,,,
Bogan (A),2021Q2,0,,,,
Bogan (A),2021Q3,1,1.0,1.0,1.0,1.0
Bogan (A),2021Q4,11,2.0,9.0,5.5,5.5
Bogan (A),2022Q1,117,2.0,34.0,19.5,19.5
Wentworth (A),2020Q1,0,,,,
Wentworth (A),2020Q2,0,,,,
Wentworth (A),2020Q3,0,,,,
Wentworth (A),2020Q4,0,,,,
Wentworth (A),2021Q1,0,,,,
Wentworth (A),2021Q2,0,,,,
Wentworth (A),2021Q3,1,1.0,1.0,1.0,1.0
Wentworth (A),2021Q4,58,1.0,13.0,5.2727272727272725,5.0
Wentworth (A),2022Q1,330,2.0,77.0,47.142857142857146,57.0
Balranald (A),2020Q1,0,,,,
Balranald (A),2020Q2,0,,,,
Balranald (A),2020Q3,0,,,,
Balranald (A),2020Q4,0,,,,
Balranald (A),2021Q1,0,,,,
Balranald (A),2021Q2,0,,,,
Balranald (A),2021Q3,1,1.0,1.0,1.0,1.0
Balranald (A),2021Q4,21,2.0,12.0,5.25,3.5
Balranald (A),2022Q1,133,1.0,47.0,19.0,22.0
Cowra (A),2020Q1,0,,,,
Cowra (A),2020Q2,0,,,,
Cowra (A),2020Q3,0,,,,
Cowra (A),2020Q4,0,,,,
Cowra (A),2021Q1,0,,,,
Cowra (A),2021Q2,0,,,,
Cowra (A),2021Q3,45,1.0,22.0,15.0,22.0
Cowra (A),2021Q4,45,1.0,10.0,5.625,6.5
Cowra (A),2022Q1,462,3.0,108.0,66.0,75.0
Murray River (A),2020Q1,0,,,,
Murray River (A),2020Q2,0,,,,
Murray River (A),2020Q3,0,,,,
Murray River (A),2020Q4,0,,,,
Murray River (A),2021Q1,0,,,,
Murray River (A),2021Q2,0,,,,
Murray River (A),2021Q3,2,1.0,1.0,1.0,1.0
Murray River (A),2021Q4,61,1.0,15.0,5.083333333333333,3.0
Murray River (A),2022Q1,550,1.0,196.0,78.57142857142857,80.0
Walcha (A),2020Q1,0,,,,
Walcha (A),2020Q2,0,,,,
Walcha (A),2020Q3,0,,,,
Walcha (A),2020Q4,0,,,,
Walcha (A),2021Q1,0,,,,
Walcha (A),2021Q2,0,,,,
Walcha (A),2021Q3,1,1.0,1.0,1.0,1.0
Walcha (A),2021Q4,26,2.0,13.0,8.666666666666666,11.0
Walcha (A),2022Q1,74,1.0,27.0,10.571428571428571,8.0
Oberon (A),2020Q1,0,,,,
Oberon (A),2020Q2,0,,,,
Oberon (A),2020Q3,0,,,,
Oberon (A),2020Q4,0,,,,
Oberon (A),2021Q1,0,,,,
Oberon (A),2021Q2,0,,,,
Oberon (A),2021Q3,17,17.0,17.0,17.0,17.0
Oberon (A),2021Q4,37,1.0,13.0,4.111111111111111,2.0
Oberon (A),2022Q1,204,7.0,53.0,29.142857142857142,31.0
Kyogle (A),2020Q1,0,,,,
Kyogle (A),2020Q2,0,,,,
Kyogle (A),2020Q3,0,,,,
Kyogle (A),2020Q4,0,,,,
Kyogle (A),2021Q1,0,,,,
Kyogle (A),2021Q2,0,,,,
Kyogle (A),2021Q3,6,6.0,6.0,6.0,6.0
Kyogle (A),2021Q4,35,1.0,13.0,4.375,2.5
Kyogle (A),2022Q1,316,3.0,73.0,45.142857142857146,55.0
Edward River (A),2020Q1,0,,,,
Edward River (A),2020Q2,0,,,,
Edward River (A),2020Q3,0,,,,
Edward River (A),2020Q4,0,,,,
Edward River (A),2021Q1,0,,,,
Edward River (A),2021Q2,0,,,,
Edward River (A),2021Q3,0,,,,
Edward River (A),2021Q4,32,2.0,8.0,4.571428571428571,4.0
Edward River (A),2022Q1,313,4.0,114.0,44.714285714285715,27.0
Cobar (A),2020Q1,0,,,,
Cobar (A),2020Q2,0,,,,
Cobar (A),2020Q3,0,,,,
Cobar (A),2020Q4,0,,,,
Cobar (A),2021Q1,0,,,,
Cobar (A),2021Q2,0,,,,
Cobar (A),2021Q3,0,,,,
Cobar (A),2021Q4,21,1.0,14.0,5.25,3.0
Cobar (A),2022Q1,213,9.0,54.0,35.5,42.5
Lockhart (A),2020Q1,0,,,,
Lockhart (A),2020Q2,0,,,,
Lockhart (A),2020Q3,0,,,,
Lockhart (A),2020Q4,0,,,,
Lockhart (A),2021Q1,0,,,,
Lockhart (A),2021Q2,0,,,,
Lockhart (A),2021Q3,0,,,,
Lockhart (A),2021Q4,14,1.0,9.0,3.5,2.0
Lockhart (A),2022Q1,126,1.0,32.0,18.0,22.0
Lachlan (A),2020Q1,0,,,,
Lachlan (A),2020Q2,0,,,,
Lachlan (A),2020Q3,0,,,,
Lachlan (A),2020Q4,0,,,,
Lachlan (A),2021Q1,0,,,,
Lachlan (A),2021Q2,0,,,,
Lachlan (A),2021Q3,0,,,,
Lachlan (A),2021Q4,13,2.0,9.0,4.333333333333333,2.0
Lachlan (A),2022Q1,316,1.0,96.0,45.142857142857146,36.0
Narrabri (A),2020Q1,0,,,,
Narrabri (A),2020Q2,0,,,,
Narrabri (A),2020Q3,0,,,,
Narrabri (A),2020Q4,0,,,,
Narrabri (A),2021Q1,0,,,,
Narrabri (A),2021Q2,0,,,,
Narrabri (A),2021Q3,0,,,,
Narrabri (A),2021Q4,117,1.0,95.0,29.25,10.5
Narrabri (A),2022Q1,727,10.0,277.0,103.85714285714286,97.0
Hotel Quarantine,2020Q1,0,,,,
Hotel Quarantine,2020Q2,0,,,,
Hotel Quarantine,2020Q3,0,,,,
Hotel Quarantine,2020Q4,0,,,,
Hotel Quarantine,2021Q1,0,,,,
Hotel Quarantine,2021Q2,0,,,,
Hotel Quarantine,2021Q3,0,,,,
Hotel Quarantine,2021Q4,6,1.0,4.0,2.0,1.0
Hotel Quarantine,2022Q1,29,1.0,9.0,4.142857142857143,4.0
Gwydir (A),2020Q1,0,,,,
Gwydir (A),2020Q2,0,,,,
Gwydir (A),2020Q3,0,,,,
Gwydir (A),2020Q4,0,,,,
Gwydir (A),2021Q1,0,,,,
Gwydir (A),2021Q2,0,,,,
Gwydir (A),2021Q3,0,,,,
Gwydir (A),2021Q4,15,1.0,9.0,5.0,5.0
Gwydir (A),2022Q1,105,7.0,33.0,21.0,23.0
Leeton (A),2020Q1,0,,,,
Leeton (A),2020Q2,0,,,,
Leeton (A),2020Q3,0,,,,
Leeton (A),2020Q4,0,,,,
Leeton (A),2021Q1,0,,,,
Leeton (A),2021Q2,0,,,,
Leeton (A),2021Q3,0,,,,
Leeton (A),2021Q4,15,3.0,12.0,7.5,7.5
Leeton (A),2022Q1,604,5.0,165.0,86.28571428571429,56.0
Coolamon (A),2020Q1,0,,,,
Coolamon (A),2020Q2,0,,,,
Coolamon (A),2020Q3,0,,,,
Coolamon (A),2020Q4,0,,,,
Coolamon (A),2021Q1,0,,,,
Coolamon (A),2021Q2,0,,,,
Coolamon (A),2021Q3,0,,,,
Coolamon (A),2021Q4,8,3.0,5.0,4.0,4.0
Coolamon (A),2022Q1,257,1.0,90.0,36.714285714285715,31.0
Bland (A),2020Q1,0,,,,
Bland (A),2020Q2,0,,,,
Bland (A),2020Q3,0,,,,
Bland (A),2020Q4,0,,,,
Bland (A),2021Q1,0,,,,
Bland (A),2021Q2,0,,,,
Bland (A),2021Q3,0,,,,
Bland (A),2021Q4,3,1.0,2.0,1.5,1.5
Bland (A),2022Q1,261,1.0,72.0,37.285714285714285,41.0
Carrathool (A),2020Q1,0,,,,
Carrathool (A),2020Q2,0,,,,
Carrathool (A),2020Q3,0,,,,
Carrathool (A),2020Q4,0,,,,
Carrathool (A),2021Q1,0,,,,
Carrathool (A),2021Q2,0,,,,
Carrathool (A),2021Q3,0,,,,
Carrathool (A),2021Q4,13,3.0,10.0,6.5,6.5
Carrathool (A),2022Q1,79,10.0,24.0,15.8,15.0
All NSW,2020Q1,0,,,,
All NSW,2020Q2,0,,,,
All NSW,2020Q3,0,,,,
All NSW,2020Q4,0,,,,
All NSW,2021Q1,0,,,,
All NSW,2021Q2,0,,,,
All NSW,2021Q3,0,,,,
All NSW,2021Q4,0,,,,
All NSW,2022Q1,0,,,,
All NSW,2020Q1,2153,,,,
All NSW,2020Q2,1042,,,,
All NSW,2020Q3,839,,,,
All NSW,2020Q4,705,,,,
All NSW,2021Q1,366,,,,
All NSW,2021Q2,563,,,,
All NSW,2021Q3,57158,,,,
All NSW,2021Q4,151068,,,,
All NSW,2022Q1,759518,,,,
